market,itemName,image,period,price,disc_price
costco,총  0.66 캐럿 다이아몬드 반지 - 블랑로쉐,/medias/sys_master/images/h4e/hb9/84882384781342.jpg,행사기간 2023/01/30 - 2023/02/12,"2,999,000원","할인금액 400,000원"
costco,HTL  4인용 전동 소파 RS-12627,/medias/sys_master/images/h16/h8b/135067948122142.jpg,행사기간 2023/01/30 - 2023/02/12,"2,399,000원","할인금액 600,000원"
costco,"삼성 비스포크 냉장고 848L, 새틴화이트베이지",/medias/sys_master/images/h5e/h22/100165603262494.jpg,행사기간 2023/01/23 - 2023/02/05,"2,279,000원","할인금액 400,000원"
costco,노바이러스 공기 살균기  NV-990 (거치대 포함),/medias/sys_master/images/h48/h30/64082034065438.jpg,행사기간 2023/01/23 - 2023/02/05,"2,249,000원","할인금액 350,000원"
costco,아지오 콘웨이 파이어 챗 세트 5-piece,/medias/sys_master/images/hea/hbd/96898210496542.jpg,행사기간 2023/01/16 - 2023/02/05,"2,149,000원","할인금액 1,000,000원"
costco,"삼성 AI 2.0 세탁기 21kg&건조기 17kg 세트, 그레이지",/medias/sys_master/images/h7e/h8e/96769203372062.jpg,행사기간 2023/01/23 - 2023/02/05,"1,999,000원","할인금액 250,000원"
costco,제노스 UHD 스마트 전자칠판 CO650LT4K 163cm(65),/medias/sys_master/images/h88/h7f/101439860375582.jpg,행사기간 2023/01/30 - 2023/02/12,"1,799,000원","할인금액 100,000원"
costco,브람스 테스 안마의자 S4500,/medias/sys_master/images/hed/he2/81283230924830.jpg,행사기간 2023/01/30 - 2023/02/12,"1,779,000원","할인금액 200,000원"
costco,사트바 마티에르 무빙헤드 통가죽 4인 소파,/medias/sys_master/images/hb5/h32/132001032831006.jpg,행사기간 2023/01/30 - 2023/02/12,"1,699,000원","할인금액 200,000원"
costco,포모스트 비고 다이닝 세트 7-piece,/medias/sys_master/images/hf7/h19/137996419694622.jpg,행사기간 2023/01/16 - 2023/02/05,"1,599,000원","할인금액 800,000원"
costco,케틀러 지로 R3 좌식 바이크,/medias/sys_master/images/h84/h27/12988471214110.jpg,행사기간 2023/01/30 - 2023/02/12,"1,399,000원","할인금액 200,000원"
costco,"SK매직 트리플케어 프리스탠딩 식기세척기, 14인용",/medias/sys_master/images/h55/hf2/81958019825694.jpg,행사기간 2023/01/30 - 2023/02/12,"1,349,000원","할인금액 200,000원"
costco,"SK매직 트리플케어 빌트인 식기세척기, 14인용",/medias/sys_master/images/h98/h04/81958025723934.jpg,행사기간 2023/01/30 - 2023/02/12,"1,349,000원","할인금액 400,000원"
costco,아지오 맥킨지 채이스 라운지 의자 2인용,/medias/sys_master/images/h71/hda/137996415205406.jpg,행사기간 2023/01/16 - 2023/02/05,"1,229,000원","할인금액 450,000원"
costco,밀레 전자동 에스프레소 머신CM5310,/medias/sys_master/images/hf5/hfd/99879691714590.jpg,행사기간 2023/01/30 - 2023/02/12,"1,199,000원","할인금액 200,000원"
costco,포모스트 비고 챗 세트 3-piece,/medias/sys_master/images/hed/h27/86359267573790.jpg,행사기간 2023/01/16 - 2023/02/05,"1,199,000원","할인금액 450,000원"
costco,씰리 천연 라텍스 매트리스 Selene G - 퀸,/medias/sys_master/images/h13/hf9/49607522648094.jpg,행사기간 2023/01/23 - 2023/02/05,"1,129,000원","할인금액 210,000원"
costco,로라스타 프리미엄 스팀 다리미 리프트 + 스팀카트,/medias/sys_master/images/h56/h38/102204483764254.jpg,행사기간 2023/01/23 - 2023/02/05,"849,000원","할인금액 150,000원"
costco,위니아 딤채 뚜껑형 김치냉장고 221L - 루센트 실버,/medias/sys_master/images/h1f/h5e/122706888294430.jpg,행사기간 2023/01/30 - 2023/02/12,"849,000원","할인금액 30,000원"
costco,찰스크라운 체어맨 1인 리클라이너,/medias/sys_master/images/h09/ha4/132913459429406.jpg,행사기간 2023/01/30 - 2023/02/12,"699,000원","할인금액 90,000원"
costco,더원 템버  2000 거실장,/medias/sys_master/images/h47/h4b/105467230945310.jpg,행사기간 2023/01/30 - 2023/02/12,"649,000원","할인금액 80,000원"
costco,위니아 딤채 뚜껑형 김치냉장고 153L - 스파크 실버,/medias/sys_master/images/h58/ha7/122706888982558.jpg,행사기간 2023/01/23 - 2023/02/05,"599,000원","할인금액 10,000원"
costco,핀란디아 서랍형 아미가침대 프레임－슈퍼싱글,/medias/sys_master/images/hd0/h5a/11992340103198.jpg,행사기간 2023/01/30 - 2023/02/12,"549,000원","할인금액 100,000원"
costco,총0.09캐럿 다이아몬드 팔찌14K윌로우,/medias/sys_master/images/hc4/hf0/132577017495582.jpg,행사기간 2023/01/30 - 2023/02/12,"469,000원","할인금액 50,000원"
costco,케터 하이스토어 플러스 조립식 창고,/medias/sys_master/images/h28/hd1/118955022483486.jpg,행사기간 2023/01/30 - 2023/02/12,"429,000원","할인금액 120,000원"
costco,럭스나인 천연 라텍스토퍼 (10.5cm) - 슈퍼싱글,/medias/sys_master/images/hb2/h8f/9867727601694.jpg,행사기간 2023/01/30 - 2023/02/12,"354,900원","할인금액 65,000원"
costco,루미 시크릿 케어 좌욕기LS-01W,/medias/sys_master/images/h65/hcd/69864533164062.jpg,행사기간 2023/01/23 - 2023/02/05,"349,000원","할인금액 200,000원"
costco,신일 팬 히터 SFH-CC910MVP,/medias/sys_master/images/h5d/hd5/118633250684958.jpg,행사기간 2023/01/30 - 2023/02/12,"314,900원","할인금액 20,000원"
costco,럭스나인 천연라텍스 핫앤쿨 에어 토퍼(9.0cm) - 퀸,/medias/sys_master/images/h19/h3d/120522620960798.jpg,행사기간 2023/01/26 - 2023/02/12,"284,900원","할인금액 50,000원"
costco,삼성 오디세이 G5 커브드 게이밍 모니터 68.4cm(27),/medias/sys_master/images/h27/h61/135381419982878.jpg,행사기간 2023/01/23 - 2023/02/05,"284,900원","할인금액 40,000원"
costco,보스 게이밍 무선 헤드폰 QC35 II 블랙,/medias/sys_master/images/h35/hbf/122271812648990.jpg,행사기간 2023/01/30 - 2023/02/12,"254,900원","할인금액 95,000원"
costco,미즈노 어반 005 캐디백,/medias/sys_master/images/ha9/hfc/135381410414622.jpg,행사기간 2023/01/23 - 2023/02/05,"244,900원","할인금액 30,000원"
costco,럭스나인 천연라텍스 핫앤쿨 에어 토퍼(9.0cm)-슈퍼싱글,/medias/sys_master/images/h32/h01/11204774756382.jpg,행사기간 2023/01/26 - 2023/02/12,"239,900원","할인금액 40,000원"
costco,밀레 진공 청소기 Classic C1 Junior Powerline,/medias/sys_master/images/h5d/h67/12988240658462.jpg,행사기간 2023/01/30 - 2023/02/12,"229,900원","할인금액 60,000원"
costco,보스 사운드링크 미니2 SE 클럽 블루투스 스피커,/medias/sys_master/images/h6f/h93/46344177287198.jpg,행사기간 2023/01/30 - 2023/02/12,"169,900원","할인금액 30,000원"
costco,종근당건강 락토핏 플러스 아연 선물세트 x 5,/medias/sys_master/images/h13/hd1/134585079758878.jpg,행사기간 2023/01/18 - 2023/02/05,"162,900원","할인금액 15,000원"
costco,AMT 프로 시리즈 그리들팬 35CM,/medias/sys_master/images/h1c/h58/49482008592414.jpg,행사기간 2023/01/30 - 2023/02/12,"159,900원","할인금액 30,000원"
costco,워터픽 구강세정기 콤보팩  WP-150K/WF10K,/medias/sys_master/images/hac/h07/81401283280926.jpg,행사기간 2023/01/23 - 2023/02/05,"134,900원","할인금액 20,000원"
costco,파세코야외용 캠핑 난로 PKH-3500K,/medias/sys_master/images/hd9/h7e/122272172179486.jpg,행사기간 2023/01/30 - 2023/02/12,"126,900원","할인금액 20,000원"
costco,미국산냉장토마호크700g +엘본700g +티본700g,/medias/sys_master/images/h0d/hf5/49481983066142.jpg,행사기간 2023/01/30 - 2023/02/05,"124,900원","할인금액 15,000원"
costco,"미국산 양념 LA 꽃갈비, 소불고기 콤보팩",/medias/sys_master/images/h20/hef/44497698684958.jpg,행사기간 2023/01/30 - 2023/02/12,"122,900원","할인금액 13,000원"
costco,이메텍 순면 전기요- 더블,/medias/sys_master/images/he1/h38/119879411597342.jpg,행사기간 2023/01/30 - 2023/02/12,"112,900원","할인금액 20,000원"
costco,커버 야외용 애견 하우스,/medias/sys_master/images/h01/h17/11257556434974.jpg,행사기간 2023/01/30 - 2023/02/12,"109,900원","할인금액 30,000원"
costco,미즈노 어반 005 보스턴 백,/medias/sys_master/images/ha0/h51/133395118260254.jpg,행사기간 2023/01/23 - 2023/02/05,"107,900원","할인금액 20,000원"
costco,이메텍 포켓 전기 담요,/medias/sys_master/images/h2d/h24/81400855953438.jpg,행사기간 2023/01/20 - 2023/02/05,"104,900원","할인금액 20,000원"
costco,레고 닌자고 카이의 골든 드래곤 레이더 71773,/medias/sys_master/images/h9b/h73/117901389660190.jpg,행사기간 2023/01/30 - 2023/02/12,"98,900원","할인금액 18,000원"
costco,펠로우즈 문서세단기 12C,/medias/sys_master/images/h1c/ha2/50942017470494.jpg,행사기간 2023/01/30 - 2023/02/12,"98,900원","할인금액 31,000원"
costco,미즈노넥스라이트 지에스 보아 남성 골프화,/medias/sys_master/images/hb7/h96/118247583547422.jpg,행사기간 2023/01/30 - 2023/02/12,"94,900원","할인금액 35,000원"
costco,휴롬 티 메이커 1.4L,/medias/sys_master/images/hbf/ha2/15614959157278.jpg,행사기간 2023/01/30 - 2023/02/12,"79,900원","할인금액 12,000원"
costco,레고 프렌즈 우정 트리하우스 41703,/medias/sys_master/images/h3a/h84/99879884455966.jpg,행사기간 2023/01/23 - 2023/02/05,"78,900원","할인금액 20,000원"
costco,"다용도  5단 선반, 소형",/medias/sys_master/images/ha6/h26/30609586323486.jpg,행사기간 2023/01/23 - 2023/02/05,"76,900원","할인금액 5,000원"
costco,이메텍 순면 전기요- 싱글,/medias/sys_master/images/hdd/h1e/86871124312094.jpg,행사기간 2023/01/30 - 2023/02/12,"75,900원","할인금액 16,000원"
costco,테팔 티타늄 매직 핸즈 쿡웨어 세트 5P,/medias/sys_master/images/h02/h56/14292676870174.jpg,행사기간 2023/01/30 - 2023/02/12,"72,900원","할인금액 14,000원"
costco,제주제스프리 골드키위 5.6kg(37~41입),/medias/sys_master/images/hac/h00/133423376891934.jpg,행사기간 2023/01/30 - 2023/02/05,"66,900원","할인금액 6,000원"
costco,루마인홈 오가닉 차렵 이불 - 퀸,/medias/sys_master/images/h54/ha3/137302512926750.jpg,행사기간 2023/01/30 - 2023/02/05,"62,900원","할인금액 13,000원"
costco,바이네르 여성 슬립온,/medias/sys_master/images/h73/h89/117007809576990.jpg,행사기간 2023/01/23 - 2023/02/05,"62,900원","할인금액 20,000원"
costco,코베아 캠핑 쿡웨어 세트,/medias/sys_master/images/h3a/haf/100968707784734.jpg,행사기간 2023/01/30 - 2023/02/12,"59,900원","할인금액 8,000원"
costco,해피콜 그래핀 하이브 냄비 2종 세트,/medias/sys_master/images/h0a/ha0/87077440618526.jpg,행사기간 2023/01/30 - 2023/02/12,"57,900원","할인금액 12,000원"
costco,리바이스 여성 빈티지 후드 모토 자켓,/medias/sys_master/images/h27/h0e/120310240706590.jpg,행사기간 2023/02/01 - 2023/02/26,"55,900원","할인금액 14,000원"
costco,루메나 소형 가습기 2개입 H2 X,/medias/sys_master/images/heb/h95/137717448966174.jpg,행사기간 2023/01/28 - 2023/02/12,"55,900원","할인금액 2,000원"
costco,에이프릴앳홈 모달 극세사 차렵이불 - 퀸,/medias/sys_master/images/hb3/he2/119018039705630.jpg,행사기간 2023/01/12 - 2023/02/05,"49,900원","할인금액 18,000원"
costco,예산농협황금쌀10kg x 2,/medias/sys_master/images/h43/ha7/45612547244062.jpg,행사기간 2023/01/30 - 2023/02/19,"49,900원","할인금액 7,000원"
costco,플로티나 차렵 이불 세트 4P - 싱글,/medias/sys_master/images/h8a/hd3/134974953685022.jpg,행사기간 2023/01/30 - 2023/02/12,"48,900원","할인금액 9,000원"
costco,커클랜드 시그니춰 프리미엄 3겹화장지40m x 30롤x 2,/medias/sys_master/images/he9/h69/17061440258078.jpg,행사기간 2023/01/28 - 2023/02/05,"48,500원","할인금액 4,400원"
costco,2080스마트 케어 치약 190g x 60,/medias/sys_master/images/he5/h70/9868120326174.jpg,행사기간 2023/01/30 - 2023/02/12,"42,990원","할인금액 4,000원"
costco,쿡에버 멀티팟 세트 4P(14cm+16cm),/medias/sys_master/images/he2/hdd/132817102995486.jpg,행사기간 2023/01/30 - 2023/02/05,"42,900원","할인금액 10,000원"
costco,크리넥스 보습소프트 3겹티슈 160매 x 8 x 2팩,/medias/sys_master/images/h60/hcd/101887382126622.jpg,행사기간 2023/01/16 - 2023/02/05,"42,300원","할인금액 8,600원"
costco,크레욜라 스크리블 스크러비 카니발 세트,/medias/sys_master/images/h7e/hcb/120967560462366.jpg,행사기간 2023/01/23 - 2023/02/05,"39,990원","할인금액 10,000원"
costco,커클랜드 시그니춰 정수필터 8PK,/medias/sys_master/images/hca/h07/79962376503326.jpg,행사기간 2023/01/28 - 2023/02/05,"39,990원","할인금액 7,000원"
costco,아디다스 남성 트레이너 5 운동화,/medias/sys_master/images/hca/h48/119744541458462.jpg,행사기간 2023/01/23 - 2023/02/05,"37,990원","할인금액 12,000원"
costco,럭스나인 에르고 컴포트 라텍스 경추 베개,/medias/sys_master/images/h28/hb3/132373408022558.jpg,행사기간 2023/01/26 - 2023/02/12,"37,990원","할인금액 6,000원"
costco,코베아 디럭스 패브릭 매트200 x 160cm,/medias/sys_master/images/h98/h23/97581611352094.jpg,행사기간 2023/01/23 - 2023/02/05,"36,990원","할인금액 5,000원"
costco,커클랜드시그니춰울트라클린팩세제 24g x 152팩,/medias/sys_master/images/ha8/ha7/115206272778270.jpg,행사기간 2023/01/27 - 2023/02/12,"36,490원","할인금액 3,000원"
costco,프리즘 LED 데스크 램프 PL-3200WH,/medias/sys_master/images/h10/hd6/114707824541726.jpg,행사기간 2023/01/30 - 2023/02/12,"35,990원","할인금액 9,000원"
costco,세이프라이프 자동차 겸용 소화기 Z07,/medias/sys_master/images/h5d/h80/137216075038750.jpg,행사기간 2023/01/30 - 2023/02/12,"34,990원","할인금액 5,000원"
costco,킴보 베스트셀러 커피캡슐 120개입,/medias/sys_master/images/ha9/h80/67516989603870.jpg,행사기간 2023/01/23 - 2023/02/05,"33,990원","할인금액 6,000원"
costco,초슨푸드 아보카도 오일2L,/medias/sys_master/images/hb2/h70/122432390135838.jpg,행사기간 2023/01/27 - 2023/02/09,"33,590원","할인금액 4,700원"
costco,볼빅 3피스 플라이온 골프공 선물세트,/medias/sys_master/images/ha1/hf9/133523922518046.jpg,행사기간 2023/01/23 - 2023/02/05,"33,490원","할인금액 4,000원"
costco,휴럼 황후의 보이차 다이어트 800mg x 60정 x 2,/medias/sys_master/images/h17/hdd/44787796475934.jpg,행사기간 2023/01/30 - 2023/02/12,"31,990원","할인금액 8,000원"
costco,티젠콤부차 5g x 10x 8,/medias/sys_master/images/hdf/h37/104500297433118.jpg,행사기간 2023/01/30 - 2023/02/05,"31,190원","할인금액 3,500원"
costco,아이스토리 차량용 스마트폰 무선 충전 거치대,/medias/sys_master/images/h8b/h06/82629824249886.jpg,행사기간 2023/01/23 - 2023/02/05,"30,990원","할인금액 5,000원"
costco,푸푸리 토일렛 퍼퓸 스프레이 118ml x 2 + 59ml x 2,/medias/sys_master/images/h1f/h42/100549467308062.jpg,행사기간 2023/01/23 - 2023/02/05,"30,290원","할인금액 4,500원"
costco,피로방지스탠딩매트,/medias/sys_master/images/h52/ha3/98280736325662.jpg,행사기간 2023/01/30 - 2023/02/05,"29,990원","할인금액 5,000원"
costco,연세 우리콩 두유 검은콩 190ml x 72입,/medias/sys_master/images/h4a/ha2/11047903756318.jpg,행사기간 2023/01/30 - 2023/02/05,"29,990원","할인금액 6,000원"
costco,애슐리볶음밥세트 2,/medias/sys_master/images/h5f/h14/115344760111134.jpg,행사기간 2023/01/23 - 2023/02/05,"29,290원","할인금액 3,700원"
costco,OWC 무선충전 탁상시계 OTM1640WC,/medias/sys_master/images/hfb/h57/103047765884958.jpg,행사기간 2023/01/30 - 2023/02/12,"28,990원","할인금액 3,000원"
costco,프로쉬 그린레몬 주방세제 1L x 4,/medias/sys_master/images/h6a/ha5/31214091730974.jpg,행사기간 2023/01/30 - 2023/02/12,"28,490원","할인금액 3,500원"
costco,스타벅스 프렌치 로스트 홀빈 커피  1.13kg,/medias/sys_master/images/hff/h71/85885012738078.jpg,행사기간 2023/01/30 - 2023/02/05,"28,490원","할인금액 7,500원"
costco,애슐리볶음밥세트1,/medias/sys_master/images/h2f/h99/115344734388254.jpg,행사기간 2023/01/23 - 2023/02/05,"28,290원","할인금액 3,700원"
costco,알프트렉 캠핑 블랭킷,/medias/sys_master/images/h1e/hba/70159799156766.jpg,행사기간 2023/01/30 - 2023/02/12,"27,990원","할인금액 5,000원"
costco,밸런스 체어,/medias/sys_master/images/h23/hf1/65751206723614.jpg,행사기간 2023/01/23 - 2023/02/12,"27,990원","할인금액 4,000원"
costco,써모플라스크 보온보냉병 474ml 2PK,/medias/sys_master/images/h24/h4f/136734102683678.jpg,행사기간 2023/01/30 - 2023/02/12,"27,990원","할인금액 5,000원"
costco,"뉴트리원피로개선홍경천 &밀크씨슬1,200mg x 30캡슐x2",/medias/sys_master/images/h9d/ha7/115844082597918.jpg,행사기간 2023/01/30 - 2023/02/12,"27,990원","할인금액 4,000원"
costco,"플레이도 스마일팩(트리하우스,치과의사,회오리감자)",/medias/sys_master/images/h5c/h79/118819855728670.jpg,행사기간 2023/01/23 - 2023/02/05,"27,990원","할인금액 5,000원"
costco,하베브릭스 포레스트도우 생일파티팩,/medias/sys_master/images/hf0/h3b/117376164266014.jpg,행사기간 2023/01/30 - 2023/02/12,"26,990원","할인금액 4,000원"
costco,아이리스 투명 수납함 24L 5개,/medias/sys_master/images/hf6/h02/27956859895838.jpg,행사기간 2023/01/23 - 2023/02/05,"26,990원","할인금액 8,000원"
costco,CJ 햇반 작은햇반 130g x 36개,/medias/sys_master/hc1/hdb/8810540007454.jpg,행사기간 2023/01/31 - 2023/02/12,"26,990원","할인금액 3,000원"
costco,휠라 여성 조거 바지,/medias/sys_master/images/h49/h1e/136224168575006.jpg,행사기간 2023/01/20 - 2023/02/12,"26,490원","할인금액 5,000원"
costco,에어리움 여성용 골프 장갑 4개,/medias/sys_master/images/hd1/h5a/50824624439326.jpg,행사기간 2023/01/30 - 2023/02/12,"25,990원","할인금액 3,500원"
costco,VT 더블레이어 톤업쿠션 ( 본품 1/ 리필 1/ 퍼프 3),/medias/sys_master/images/h40/h15/85312789708830.jpg,행사기간 2023/01/23 - 2023/02/05,"25,990원","할인금액 4,000원"
costco,엔젯오리진 MSM 조인트케어 맥스 비타민D 엔젯오리진 MSM 조인트케어맥스비타민D 60정 x 2입,/medias/sys_master/images/h37/hfd/134742891298846.jpg,행사기간 2023/01/30 - 2023/02/12,"25,990원","할인금액 5,000원"
costco,아임프롬 허니 마스크  120g + 30g x 2입,/medias/sys_master/images/hfb/h65/84881180229662.jpg,행사기간 2023/01/23 - 2023/02/05,"25,490원","할인금액 3,500원"
costco,애플라인드 성인 방한내의 세트,/medias/sys_master/images/hf8/h33/123017476014110.jpg,행사기간 2023/01/27 - 2023/02/09,"24,990원","할인금액 5,000원"
costco,캐스케이드 울트라 라이트 접이식 테이블,/medias/sys_master/images/h45/h22/87402651254814.jpg,행사기간 2023/01/30 - 2023/02/12,"24,990원","할인금액 5,000원"
costco,아모스 아이클레이 세트,/medias/sys_master/images/h1e/h2e/87077972508702.jpg,행사기간 2023/01/30 - 2023/02/12,"24,990원","할인금액 5,000원"
costco,사과 5kg,/medias/sys_master/images/hf5/hf0/120252777267230.jpg,행사기간 2023/01/30 - 2023/02/05,"24,490원","할인금액 3,500원"
costco,금홍팬시 디즈니 문구 세트,/medias/sys_master/images/hcf/hfb/138042009190430.jpg,행사기간 2023/01/30 - 2023/02/12,"23,990원","할인금액 3,000원"
costco,애슐리오리지널통살치킨 1.2kg x 2,/medias/sys_master/images/h22/h54/120122411614238.jpg,행사기간 2023/01/23 - 2023/02/05,"23,990원","할인금액 3,500원"
costco,호야 카노사 2팩 60cm,/medias/sys_master/images/h94/h9d/83476351975454.jpg,행사기간 2023/01/23 - 2023/02/05,"23,790원","할인금액 4,200원"
costco,PGA  Tour 넥 워머 2개,/medias/sys_master/images/h92/h3d/135381417263134.jpg,행사기간 2023/01/23 - 2023/02/05,"22,490원","할인금액 4,000원"
costco,센텔리안 24+ 마시는 콜라겐 3000 프로틴 20ml x 30포,/medias/sys_master/images/h9e/h76/65527664705566.jpg,행사기간 2023/01/23 - 2023/02/12,"22,490원","할인금액 4,000원"
costco,오가니스트 퍼퓸 샴푸1100ml x 2,/medias/sys_master/images/he0/h2a/121042057691166.jpg,행사기간 2023/01/23 - 2023/02/05,"21,990원","할인금액 5,000원"
costco,로하시스 허니 스트럭쳐 아이패치 60매 x 2,/medias/sys_master/images/hb2/hc2/28167950073886.jpg,행사기간 2023/01/30 - 2023/02/12,"21,990원","할인금액 5,000원"
costco,휠라 아동 긴소매 티셔츠,/medias/sys_master/images/hb2/he8/137565518659614.jpg,행사기간 2023/01/30 - 2023/02/12,"20,990원","할인금액 5,000원"
costco,풀무원 얇은피 만두(김치/고기) 400g x 6봉,/medias/sys_master/images/h5b/h31/84022350479390.jpg,행사기간 2023/01/29 - 2023/02/13,"20,490원","할인금액 2,500원"
costco,휘게선크림 50ml X 2(비건 or릴리프선모이스처라이저),/medias/sys_master/images/h0d/h1d/100707326361630.jpg,행사기간 2023/01/23 - 2023/02/05,"20,490원","할인금액 3,500원"
costco,"뉴트리원 BB LAB 더콜라겐1500/ 2,000mg x 60포",/medias/sys_master/images/hba/hce/32213147189278.jpg,행사기간 2023/01/30 - 2023/02/12,"19,990원","할인금액 5,000원"
costco,테이스틴 단백질칩 600g (50gX12),/medias/sys_master/images/hc5/h08/135786438688798.jpg,행사기간 2023/01/23 - 2023/02/05,"19,890원","할인금액 4,000원"
costco,매일 셀렉스 스포츠 웨이 프로틴 파우더 627g,/medias/sys_master/images/hb8/h55/80976141352990.jpg,행사기간 2023/01/16 - 2023/02/05,"19,490원","할인금액 6,000원"
costco,셀리맥스 지우개 패드70매x 2,/medias/sys_master/images/h41/h0e/132758707732510.jpg,행사기간 2023/01/23 - 2023/02/05,"19,490원","할인금액 3,500원"
costco,휘게 내추럴 리페어 세럼 120ml + 30ml,/medias/sys_master/images/hc1/h56/116669933256734.jpg,행사기간 2023/01/23 - 2023/02/05,"18,990원","할인금액 3,500원"
costco,푸마 여성 피트니스 긴팔 티셔츠,/medias/sys_master/images/h4a/ha2/134095224504350.jpg,행사기간 2023/01/20 - 2023/02/12,"18,490원","할인금액 4,000원"
costco,프로쉬 냉장고 클리너 300ml x 3,/medias/sys_master/images/h09/hbf/103561052094494.jpg,행사기간 2023/01/30 - 2023/02/12,"18,290원","할인금액 2,500원"
costco,쿤달 허니 앤 마카다미아 퓨어 바디워시x 2 + 리필x 1,/medias/sys_master/images/hc1/hcc/121567708676126.jpg,행사기간 2023/01/30 - 2023/02/12,"17,990원","할인금액 2,000원"
costco,티롤리아 남성용 장갑,/medias/sys_master/images/h45/h8f/116031423152158.jpg,행사기간 2023/01/30 - 2023/02/12,"17,490원","할인금액 7,000원"
costco,3M 유리용 보온시트 ３개입,/medias/sys_master/images/h97/h0a/9857200029726.jpg,행사기간 2023/01/23 - 2023/02/05,"17,490원","할인금액 2,000원"
costco,셀렉스밀크세라마이드콜라겐 2.9GX40포,/medias/sys_master/images/h1f/hcd/115498830659614.jpg,행사기간 2023/01/16 - 2023/02/05,"16,990원","할인금액 9,000원"
costco,소프리스 발 뒤꿈치 필링 마스크 8매,/medias/sys_master/images/hf6/h36/114776144805918.jpg,행사기간 2023/01/30 - 2023/02/12,"16,990원","할인금액 4,000원"
costco,매일 셀렉스 곡물견과믹스 125ml x 20포,/medias/sys_master/images/h7c/h7d/65230623244318.jpg,행사기간 2023/01/23 - 2023/02/05,"16,990원","할인금액 4,000원"
costco,테이스틴 단백질 곤약밥 두부&현미귀리150g x 8,/medias/sys_master/images/hc0/h95/135872329842718.jpg,행사기간 2023/01/30 - 2023/02/12,"16,290원","할인금액 2,200원"
costco,32디그리 여성 풀오버 크루티,/medias/sys_master/images/h1b/h68/134742674407454.jpg,행사기간 2023/01/16 - 2023/02/05,"15,990원","할인금액 2,500원"
costco,레드씰 레몬 SLS Free치약 100g x 4,/medias/sys_master/images/hcf/hf3/33419850317854.jpg,행사기간 2023/01/30 - 2023/02/12,"15,490원","할인금액 3,500원"
costco,레드씰 허브치약 110g x 4,/medias/sys_master/images/h20/hfc/33419850809374.jpg,행사기간 2023/01/30 - 2023/02/12,"15,490원","할인금액 3,500원"
costco,켈로그리얼그래놀라400g x 3개입,/medias/sys_master/images/h6c/h32/17009962385438.jpg,행사기간 2023/01/30 - 2023/02/05,"14,690원","할인금액 2,500원"
costco,커클랜드시그니춰유기농건체리567g / 최소구매 2,/medias/sys_master/images/hdd/hf8/132755366576158.jpg,행사기간 2023/02/01 - 2023/02/05,"13,890원","할인금액 2,000원"
costco,티젠 핫콤부 5g x 40  / 최소구매 2,/medias/sys_master/images/h5a/hc6/134182087688222.jpg,행사기간 2023/01/30 - 2023/02/05,"12,990원","할인금액 3,500원"
costco,인라이프 대용량 포켓용 핫팩 150g x 30개,/medias/sys_master/images/h79/h6c/118883947053086.jpg,행사기간 2023/01/23 - 2023/02/05,"11,990원","할인금액 2,000원"
